<?xml version="1.0" encoding="UTF-8"?>
<project-private xmlns="http://www.netbeans.org/ns/project-private/1">
    <editor-bookmarks xmlns="http://www.netbeans.org/ns/editor-bookmarks/2" lastBookmarkId="0"/>
    <open-files xmlns="http://www.netbeans.org/ns/projectui-open-files/2">
        <group>
            <file>file:/Users/santi/Downloads/SistemaDeIntercambio/src/sistemadeintercambio/Carrito.java</file>
            <file>file:/Users/santi/Downloads/SistemaDeIntercambio/src/sistemadeintercambio/Reportes.java</file>
            <file>file:/Users/santi/Downloads/SistemaDeIntercambio/src/sistemadeintercambio/SistemaDeIntercambio.java</file>
            <file>file:/Users/santi/Downloads/SistemaDeIntercambio/src/sistemadeintercambio/Reporte.java</file>
            <file>file:/Users/santi/Downloads/SistemaDeIntercambio/src/sistemadeintercambio/Usuario.java</file>
            <file>file:/Users/santi/Downloads/SistemaDeIntercambio/src/sistemadeintercambio/Reseñas.java</file>
            <file>file:/Users/santi/Downloads/SistemaDeIntercambio/src/sistemadeintercambio/Administrador.java</file>
            <file>file:/Users/santi/Downloads/SistemaDeIntercambio/src/sistemadeintercambio/Servicios.java</file>
        </group>
    </open-files>
</project-private>
